aw_product_id,merchant_product_id,merchant_category,aw_deep_link,merchant_image_url,search_price,description,product_name,merchant_deep_link,aw_image_url,merchant_name,merchant_id,category_name,category_id,delivery_cost,currency,store_price,display_price,data_feed_id
3065371971,4GM-HEADSETSTARTKIT,Console Games & Accessories,http://www.awin1.com/pclick.php?p=3065371971&a=219729&m=5627,http://www.apollo2000.co.uk/common/productpictures/4gm-headsetstartkit.jpg,39.99,"This Stereo Gaming Headset Starter Kit offers everything you need, including a lightweight stereo gaming headset, sleek desktop storage stand and twin controller charging cable all in one convenient package.",4 Gamers HEADSETSTARTKIT Console Games &amp; Accessories,http://www.apollo2000.co.uk/showproduct/4GM-HEADSETSTARTKIT/HEADSETSTARTKIT+PlayStation+4+Starter+Kit+with+Headset+and+Charging+Stand.html,http://images.productserve.com/preview/7/5627/71/19/3065371971.jpg,Apollo Direct,5627,Console,576,5,GBP,,GBP39.99,5627
3065371973,4GM-PREMCONNECTKIT,Console Games & Accessories,http://www.awin1.com/pclick.php?p=3065371973&a=219729&m=5627,http://www.apollo2000.co.uk/common/productpictures/4gm-premconnectkit.jpg,17.99,"The 4gamers PREMCONNECTKIT contains everything you need for a new Playstation 4. The High Speed HDMI cable is designed to handle video resolutions of 1080p and beyond, including advanced display technologies such as 4K, 3D, and Deep Colour.  The included Premium Twin Controller Charging Cable allows up to two controllers to be charged at once.",4 Gamers PREMCONNECTKIT Console Games &amp; Accessories,http://www.apollo2000.co.uk/showproduct/4GM-PREMCONNECTKIT/PREMCONNECTKIT+Premium+Connect+and+Charge+Kit+for+Playstation+4.html,http://images.productserve.com/preview/7/5627/73/19/3065371973.jpg,Apollo Direct,5627,Console,576,5,GBP,,GBP17.99,5627
3065371975,4GM-PS4CAMERACLIP,Console Games & Accessories,http://www.awin1.com/pclick.php?p=3065371975&a=219729&m=5627,http://www.apollo2000.co.uk/common/productpictures/4gm-ps4cameraclip.jpg,11.99,"The 4Gamers PS4 Camera Clip is designed to work with all flat screen TV's, its fully adjustable design works with all flatscreen depths. The Clip also allows full adjustment of the PlayStation Camera's viewing angle, making it perfect for any room size.",4 Gamers PS4CAMERACLIP Console Games &amp; Accessories,http://www.apollo2000.co.uk/showproduct/4GM-PS4CAMERACLIP/PS4CAMERACLIP+TV+Clip+for+Playstation+4+Camera.html,http://images.productserve.com/preview/7/5627/75/19/3065371975.jpg,Apollo Direct,5627,Console,576,5,GBP,,GBP11.99,5627
3126212447,ACS-90NEON,Tablet PCs,http://www.awin1.com/pclick.php?p=3126212447&a=219729&m=5627,http://www.apollo2000.co.uk/common/productpictures/acs-90neon.jpg,79.99,"With its lightweight design and simply Android Interface, the Archos 90 Neon is the perfect tablet for any user, either new or experienced. Its bright and vibrant 9 inch display brings all of your favourite pictures, movies or games to life in unrivalled clarity, producing an immersive experience. Its powerful 1.8 Ghz Quad Core Processor makes light work of the most intensive applications, leaving them free of stutter or lag.  The Archos comes equipped with Android 4.2, this operating system is incredibly easy to use while its Google Play store gives you access to over one million different applications and games.",Archos 90NEON Tablet PCs,http://www.apollo2000.co.uk/showproduct/ACS-90NEON/90NEON+9+Inch+Quad+Core+Tablet+with+1GB+RAM+and+Android+42.html,http://images.productserve.com/preview/7/5627/47/24/3126212447.jpg,Apollo Direct,5627,Home Entertainment,6,0,GBP,,GBP79.99,5627
3065371987,ACS-PLATINUM-80B-8GB,Tablet PCs,http://www.awin1.com/pclick.php?p=3065371987&a=219729&m=5627,http://www.apollo2000.co.uk/common/productpictures/archos-platinum-80b-8gb.jpg,129.99,"Presenting the ARCHOS 80b Platinum, with its high resolution IPS screen, quad-core processor running Android 4.2 ""Jelly Bean"" and featuring complete access to the Google Play store and Google mobile applications. The ARCHOS 80b Platinum features an 8 inch IPS screen so your Android experience will never look better. Android 4.2 ""Jelly Bean"" . Running Android 4.2, ""Jelly Bean,"" the ARCHOS 80b Platinum has full access to apps, games, and more on Google Play as well as the full suite of Google apps. The ARCHOS 80b Platinum has a 1.6 GHz quad-core processor so whether it's HD movies, browsing the web or playing 3D games, it's got the power to spare.",Archos PLATINUM-80B-8GB Tablet PCs,http://www.apollo2000.co.uk/showproduct/ACS-PLATINUM-80B-8GB/Platinum+80B+8+Android+42+Tablet+with+16+GHz+QuadCore+Processor.html,http://images.productserve.com/preview/7/5627/87/19/3065371987.jpg,Apollo Direct,5627,Home Entertainment,6,0,GBP,,GBP129.99,5627
3065371995,AEG-A5200AZ,Vacuum Cleaners,http://www.awin1.com/pclick.php?p=3065371995&a=219729&m=5627,http://www.apollo2000.co.uk/common/productpictures/aeg-a5200az.jpg,99,Built with Multi Cyclonic technology & Arm & Hammer Anti Odour System the AEG A5200AZ 1300W Bagless Vacuum Cleaner helps keep your home clean & fresh. The powerful 1300W motor drives the Multi Cyclonic Technology to provide you with 180AW of suction power while the HEPA Filter together with an Arm & Hammer Anti Odour System help contain up to 2L of dust within an easy to empty bagless container.  Weighing just 7kg & with an adjustable head to suite different types of carpet the AEG A5200AZ 1300W Bagless Vacuum Cleaner is designed to clean throughout your home.,AEG A5200AZ Vacuum Cleaners,http://www.apollo2000.co.uk/showproduct/AEG-A5200AZ/A5200AZ+1300W+Bagless+Vacuum+Cleaner+with+2L+Dust+Capacity+and+HEPA+Filter.html,http://images.productserve.com/preview/7/5627/95/19/3065371995.jpg,Apollo Direct,5627,Vacuum Cleaners,375,0,GBP,,GBP99.00,5627
3065371999,AEG-AG4112,Handheld Vacuum Cleaners,http://www.awin1.com/pclick.php?p=3065371999&a=219729&m=5627,http://www.apollo2000.co.uk/common/productpictures/aeg-ag4112.jpg,49.99,Thanks to the AEG AG4112 handheld vacuum cleaner you have the simple solution to all your cordless cleaning needs. It is conveniently portable so you can get to those places that a larger vacuum may not be able to. It has Bagless technology and has a 0.7L Dust capacity which allows easy unloading and the front wheels allow better manoeuvrability.  With a 12v motor and 20 mins running time you can pick up any dirt or debris that doesn't need the hassle of the large cleaner whilst also having a handy crevice nozzle. The AEG AG4112 comes with a table standing and wall mountable unit.,AEG AG4112 Handheld Vacuum Cleaners,http://www.apollo2000.co.uk/showproduct/AEG-AG4112/AG4112+Bagless+Cordless+12v+Handheld+Vacuum+Cleaner+with+07L+Dust+Capacity.html,http://images.productserve.com/preview/7/5627/99/19/3065371999.jpg,Apollo Direct,5627,Vacuum Cleaners,375,0,GBP,,GBP49.99,5627
3120994133,AEG-AG6106WD,Handheld Vacuum Cleaners,http://www.awin1.com/pclick.php?p=3120994133&a=219729&m=5627,http://www.apollo2000.co.uk/common/productpictures/aeg-ag6106wd.jpg,74.99,"By pulling and releasing a spring loaded lever - dust loosens from the filter and falls into the dust cup. This reduces clogging and minimizes your exposure to dust particles. The dust container can be easily removed and emptied. Alternatively the dust can be sucked out via the patented front lid while using your main vacuum cleaner.  The wheels will ease off your hand/wrist while cleaning as well as protect your tables, furniture and floors.",AEG AG6106WD Handheld Vacuum Cleaners,http://www.apollo2000.co.uk/showproduct/AEG-AG6106WD/AG6106WD+Bagless+Handheld+Vacuum+Cleaner+with+Wet+and+Dry+Design.html,http://images.productserve.com/preview/7/5627/33/41/3120994133.jpg,Apollo Direct,5627,Vacuum Cleaners,375,0,GBP,,GBP74.99,5627
3118782141,AEG-AG932,Vacuum Cleaners,http://www.awin1.com/pclick.php?p=3118782141&a=219729&m=5627,http://www.apollo2000.co.uk/common/productpictures/aeg-ag932.jpg,89.99,"Brilliantly combining power, versatility and efficiency together, the AEG AG932 is the perfect lightweight cleaner for any household. Its powerful 120w motor is designed to produce fantastic airflow and suction, making light work of dust and dirt while its Brush Roll Clean technology is designed to remove hair and fibre from the brush roll and depositing them into the dust cap, keeping your machine running much longer. Its two in one design features a detachable handheld vacuum cleaner, adding extra versatility and allowing you to clean those hard to reach places as well as being perfect for stairs and the car. A 180 degree nozzle rotation makes it perfect for steering easily around furniture while LED lights ensure you never miss any dirt.",AEG AG932 Vacuum Cleaners,http://www.apollo2000.co.uk/showproduct/AEG-AG932/AG932+Rechargeable+Bagless+Vacuum+Cleaner+with+Pop+Out+Handheld+Cleaner.html,http://images.productserve.com/preview/7/5627/41/21/3118782141.jpg,Apollo Direct,5627,Vacuum Cleaners,375,0,GBP,,GBP89.99,5627
3165274541,AEG-AG941,Vacuum Cleaners,http://www.awin1.com/pclick.php?p=3165274541&a=219729&m=5627,http://www.apollo2000.co.uk/common/productpictures/aeg-ag941.jpg,89.99,"The AEG AG941 is an 18v Lightweight 2in1 Cordless and Bagless Stick Cleaner has BRUSHROLLCLEAN Technology which takes away the hassle of having to keep the brush clear of hair and fibres because the brush roll will release for easy clean. The 2in1 design means that at the press of buttons you can detach the handheld unit allowing you to clean other areas like work surfaces, car interiors or even crumbs on the furniture. Thanks to the 180 degree flexible nozzle rotation the AG941 will manoeuvre around obstacles with ease at just a twist of the handle. With the rechargeable battery design it only needs 16 hours charge and then you can just lift it from the charging unit and start cleaning with up to 35 minutes run time. AEG have also devised the Cliff hanger parking strip which is a rubber strip that they have attached to the back of the stick handle to stop that annoying 'fall over' when placed up against a surface, allowing you to lean it and leave it whilst cleaning. There are many other features to this AEG Cleaner including an LED headlight that will light up the floor area you are cleaning. It has a quick filter clean system enabling a hygienic way of cleaning the filters. A blue charging indicator light indicates when the vacuum needs charging whilst the extra tools are stored in the charging unit including a dusting brush for subtle areas.",AEG AG941 Vacuum Cleaners,http://www.apollo2000.co.uk/showproduct/AEG-AG941/AG941+Upright+Cylinder+Vacuum+Cleaner+with+BrushRollClean+Technology.html,http://images.productserve.com/preview/7/5627/41/45/3165274541.jpg,Apollo Direct,5627,Vacuum Cleaners,375,0,GBP,,GBP89.99,5627
3065372011,AEG-BE3003021M,Built In Oven,http://www.awin1.com/pclick.php?p=3065372011&a=219729&m=5627,http://www.apollo2000.co.uk/common/productpictures/aeg-be3003021m.jpg,529,"At 71 Litres, the AEG BE3003021M is the largest single oven made by AEG, making it perfect for the largest of families. Its ThermiC fan will provide quick, even cooking for you food, regardless of its position within the oven, further reducing the hassle of cooking.   The new exclusive ThermiC Hot Air cooking technology ensures precise heat circulation and temperature control.",AEG BE3003021M Built In Oven,http://www.apollo2000.co.uk/showproduct/AEG-BE3003021M/BE3003021M+A+Rated+Built+in+Electric+Fan+Assisted+Oven+in+Stainless+Steel.html,http://images.productserve.com/preview/7/5627/11/20/3065372011.jpg,Apollo Direct,5627,Cookers & Ovens,367,0,GBP,,GBP529.00,5627
3065372015,AEG-BP3003021M,Built In Oven,http://www.awin1.com/pclick.php?p=3065372015&a=219729&m=5627,http://www.apollo2000.co.uk/common/productpictures/aeg-bp3003021m.jpg,599,"At 71 Litres, the AEG is the largest single oven made by AEG, making it perfect for the largest of families. It also features a unique function called Pyroluxe Plus, this feature heats up the oven to 500C and burning all food residue into ash that can be easily wiped away, effectively cleaning itself and reducing time and cost for cleaning yourself.  Its ThermiC fan will provide quick, even cooking for you food, regardless of its position within the oven, further reducing the hassle of cooking.",AEG BP3003021M Built In Oven,http://www.apollo2000.co.uk/showproduct/AEG-BP3003021M/BP3003021M+600mm+A+Rated+Built+in+Single+Oven+in+Stainless+Steel.html,http://images.productserve.com/preview/7/5627/15/20/3065372015.jpg,Apollo Direct,5627,Cookers & Ovens,367,0,GBP,,GBP599.00,5627
3120457213,AEG-EWA7101U,Kettles,http://www.awin1.com/pclick.php?p=3120457213&a=219729&m=5627,http://www.apollo2000.co.uk/common/productpictures/aeg-ewa7101u.jpg,49.99,"Both elegant in design and functional, the EWA7107-U Cordless Kettle comes in a stylish gloss red and stainless steel finish. Features include a 1.5L water capacity, 3 way auto shut off and a 360 swivel base.",AEG EWA7101U Kettles,http://www.apollo2000.co.uk/showproduct/AEG-EWA7101U/EWA7101U+3kw+15L+Cordless+Jug+Kettle+in+Red.html,http://images.productserve.com/preview/7/5627/13/72/3120457213.jpg,Apollo Direct,5627,Electric Kettles,394,0,GBP,,GBP49.99,5627
3065372017,AEG-F55020WOP,Dishwasher,http://www.awin1.com/pclick.php?p=3065372017&a=219729&m=5627,http://www.apollo2000.co.uk/common/productpictures/aeg-f55020wop.jpg,500.72,"AEG F55020W0P Full size ProClean Dishwasher with LED display Extra powerful ProClean technology for perfect cleaning The ProClean system ensures extra-powerful cleaning even of the most crowded loads, thanks to the unique double-rotation arm combined with 5 spray levels.  A+ with unique AutoOff - 11% more efficient than A-class, comparing the classes A+ class appliances use 11% less energy than A-class ones, comparing the classes. This A+ model also has the unique AutoOff - it uses no energy once the cycle ends.  The largest loadable space for perfect cleaning of every item With up to 10 litres more space than average inside, this dishwasher provides the largest loadable space in the market, for perfect cleaning of every load.  Intelligent autocontrol for top performance With the Auto program, the dishwasher automatically chooses the best combination of energy, water, and time to clean your dishes efficiently.  Plan ahead, thanks to the delay-start function With this delay-start function, you can plan ahead by up to 24 hours. So you get clean dishes when you want them, without switching the dishwasher on straight away.  Optimised performance from detergent tablets By activating the Multitab function, you can ensure the cycle time and temperature are adjusted to get the best results out of your detergent tablets, optimising performance.",AEG F55020WOP Dishwasher,http://www.apollo2000.co.uk/showproduct/AEG-F55020WOP/F55020WOP+A%2BAA+Rated+12+Place+Setting+Dishwasher+with+5+Programmes+in+White.html,http://images.productserve.com/preview/7/5627/17/20/3065372017.jpg,Apollo Direct,5627,Dishwashers,372,0,GBP,,GBP500.72,5627
3065372019,AEG-HG654320NM,Hob,http://www.awin1.com/pclick.php?p=3065372019&a=219729&m=5627,http://www.apollo2000.co.uk/common/productpictures/aeg-hg654320nm.jpg,289,"The AEG HG654320NM comes in a stylish stainless steel design, ideal for all kitchen styles. Its 60cm width contains 4 Gas burners, including one 3kW rapid burner all contained behind sturdy cast iron pan supports.  Its auto shut off features cuts the gas off from the source when it's no longer needed, improving safety.",AEG HG654320NM Hob,http://www.apollo2000.co.uk/showproduct/AEG-HG654320NM/HG654320NM+600mm+Built+in+Gas+Hob+in+Stainless+Steel.html,http://images.productserve.com/preview/7/5627/19/20/3065372019.jpg,Apollo Direct,5627,Hobs,371,0,GBP,,GBP289.00,5627
3065372023,AEG-HK624010FB,Hob,http://www.awin1.com/pclick.php?p=3065372023&a=219729&m=5627,http://www.apollo2000.co.uk/common/productpictures/aeg-hk624010fb.jpg,469,"Featuring a sleek, stylish design and 4 varied heat zones make the AEG hk624010fb ceramic hob a perfect addition to any kitchen. The 4 varied heat zones are perfect for those with varied pan sized, perfectly tailored to take pans from 145mm all the way up to the largest 210mm.  Its touch controls provide an easy way to control the heat of your zones while next to that the residual heat indicators let you know when a zone is still hot.",AEG HK624010FB Hob,http://www.apollo2000.co.uk/showproduct/AEG-HK624010FB/HK624010FB+BuiltIn+60cm+Ceramic+Hob+with+Touch+Controls+in+Black.html,http://images.productserve.com/preview/7/5627/23/20/3065372023.jpg,Apollo Direct,5627,Hobs,371,0,GBP,,GBP469.00,5627
3074536829,AEG-MC1763E-M,Built In Microwaves,http://www.awin1.com/pclick.php?p=3074536829&a=219729&m=5627,http://www.apollo2000.co.uk/common/productpictures/aeg-mc1763e-m.jpg,449,"With this microwave in combination with your traditional oven, you have a broader range of cooking options in your kitchen. In addition to conventional cooking methods, you can gently heat liquids without using precious hob space, speed up the cooking process by par-cooking dishes or defrost meat and fish.  This microwave has a clear and highly visible digital display, giving you a complete and clear overview of all programmes and your chosen settings.  New 'Active' display allows you to change settings whilst the microwave is operating, for added versatility.  Offering a memory for three different cooking phases - Defrost, Cook and Keep Warm - this microwave makes the cooking process completely flexible.",AEG MC1763E-M Built In Microwaves,http://www.apollo2000.co.uk/showproduct/AEG-MC1763E-M/MC1763EM+Built+in+Microwave+with+Quick+Start+Function+and+Flexible+Cooking.html,http://images.productserve.com/preview/7/5627/29/68/3074536829.jpg,Apollo Direct,5627,Microwaves,369,0,GBP,,GBP449.00,5627
3065372057,AEG-S53600CSWO,Fridge Freezer,http://www.awin1.com/pclick.php?p=3065372057&a=219729&m=5627,http://www.apollo2000.co.uk/common/productpictures/aeg-s53600cswo.jpg,623.92,S53600CSWO A++ Energy Rated Fridge Freezer with Bottle Rack in White. 1850mm x 595mm x 658mm.,AEG S53600CSWO Fridge Freezer,http://www.apollo2000.co.uk/showproduct/AEG-S53600CSWO/S53600CSWO+A%2B%2B+Energy+Rated+Fridge+Freezer+with+Bottle+Rack+in+White.html,http://images.productserve.com/preview/7/5627/57/20/3065372057.jpg,Apollo Direct,5627,Fridge Freezers,380,0,GBP,,GBP623.92,5627
3065372059,AEG-S71700TSWO,Fridge,http://www.awin1.com/pclick.php?p=3065372059&a=219729&m=5627,http://www.apollo2000.co.uk/common/productpictures/aeg-s71700tswo.jpg,359.1,"With its stylish design and ample storage space, the AEG S71700TSWO is the perfect addition to any kitchen. 155 litres of storage space, spread across 3 shelves provide enough space for a whole family shop, while its A++ Energy rating ensures you won't be using lots of power to run it.  Its intelligent auto defrost function prevents excessive build-up of frost, keeping you fridge at the perfect temperature and removing the hassle of having to defrost it.",AEG S71700TSWO Fridge,http://www.apollo2000.co.uk/showproduct/AEG-S71700TSWO/S71700TSWO+A%2B%2B+Energy+Rated+Under+Counter+Larger+Fridge+in+White.html,http://images.productserve.com/preview/7/5627/59/20/3065372059.jpg,Apollo Direct,5627,Fridges,381,0,GBP,,GBP359.10,5627
3065372061,AEG-S71700TSXO,Fridge,http://www.awin1.com/pclick.php?p=3065372061&a=219729&m=5627,http://www.apollo2000.co.uk/common/productpictures/aeg-s71700tsxo.jpg,395.1,S71700TSWO A++ Energy Rated Under Counter Larger Fridge in Stainless Steel. 850mm x 595mm x 635mm.,AEG S71700TSXO Fridge,http://www.apollo2000.co.uk/showproduct/AEG-S71700TSXO/S71700TSWO+A%2B%2B+Energy+Rated+Under+Counter+Larger+Fridge+in+Stainless+Steel.html,http://images.productserve.com/preview/7/5627/61/20/3065372061.jpg,Apollo Direct,5627,Fridges,381,0,GBP,,GBP395.10,5627
3065372065,AEG-S73400CTW1,Fridge Freezer,http://www.awin1.com/pclick.php?p=3065372065&a=219729&m=5627,http://www.apollo2000.co.uk/common/productpictures/aeg-s73400ctw1.jpg,641.52,S73400CTW1 A+ Energy Rated Frost Free Fridge Freezer in White. 1850mm x 595mm x 658mm.,AEG S73400CTW1 Fridge Freezer,http://www.apollo2000.co.uk/showproduct/AEG-S73400CTW1/S73400CTW1+A%2B+Energy+Rated+Frost+Free+Fridge+Freezer+in+White.html,http://images.productserve.com/preview/7/5627/65/20/3065372065.jpg,Apollo Direct,5627,Fridge Freezers,380,0,GBP,,GBP641.52,5627
3065372067,AEG-SKS58200FO,Built In Fridge,http://www.awin1.com/pclick.php?p=3065372067&a=219729&m=5627,http://www.apollo2000.co.uk/common/productpictures/aeg-sks58200fo.jpg,459,"The AEG SKS58200FO is a perfect fridge for the small family, combining AEG built quality with an efficient A energy rating. Its generous 140 Litre (4.80FT3) capacity is spread across 3 reinforced shelves, giving you plenty of space to store your weekly shop while it's A Energy rating will ensure you don't have to pay too much to run it.",AEG SKS58200FO Built In Fridge,http://www.apollo2000.co.uk/showproduct/AEG-SKS58200FO/SKS58200FO+600mm+Built+In+Larder+Fridge+with+A%2B+Energy+Rating+in+White.html,http://images.productserve.com/preview/7/5627/67/20/3065372067.jpg,Apollo Direct,5627,Fridge Freezers,380,0,GBP,,GBP459.00,5627
3065372073,AEG-TRZ902,Miscellaneous,http://www.awin1.com/pclick.php?p=3065372073&a=219729&m=5627,http://www.apollo2000.co.uk/common/productpictures/aeg-trz902.jpg,47.99,Stacking Kit for AEG Products,AEG TRZ902 Miscellaneous,http://www.apollo2000.co.uk/showproduct/AEG-TRZ902/Stacking+Kit+for+AEG+Products.html,http://images.productserve.com/preview/7/5627/73/20/3065372073.jpg,Apollo Direct,5627,ISP & Hosting,67,5,GBP,,GBP47.99,5627
3065372083,AGF-LR44,General Batteries,http://www.awin1.com/pclick.php?p=3065372083&a=219729&m=5627,http://www.apollo2000.co.uk/common/productpictures/agfaphoto-lr44.jpg,0.99,Single 3V LR44 Battery,AGFA LR44 General Batteries,http://www.apollo2000.co.uk/showproduct/AGF-LR44/Single+LR44+Battery.html,http://images.productserve.com/preview/7/5627/83/20/3065372083.jpg,Apollo Direct,5627,Batteries,618,5,GBP,,GBP0.99,5627
3126212449,AKG-Q350,Headphones & Portable Speakers,http://www.awin1.com/pclick.php?p=3126212449&a=219729&m=5627,http://www.apollo2000.co.uk/common/productpictures/akg-q350.jpg,29.99,"Q350s make for a sleek and stylish upgrade to any portable device without compromising best-in-class sound or comfort.  Designed for durability and high output with the precise, unfiltered acoustics that have made AKG headphones the studio standard for more than 60 years, Q350s crank out big sound at a quality that few headphones can match - no matter their size. At just 3 grams (without cable), you'll be hard-pressed to find a set of headphones that weigh less and do more.  Three sizes of foam ear sleeves ensure a comfortable fit for any size ear canal, reducing ear fatigue and providing for hours of continuous use.",AKG Q350 Headphones &amp; Portable Speakers,http://www.apollo2000.co.uk/showproduct/AKG-Q350/Q350+Signature+Edition+In+Ear+Headphones+with+1m+Cable.html,http://images.productserve.com/preview/7/5627/49/24/3126212449.jpg,Apollo Direct,5627,Portable Audio,8,,GBP,,GBP29.99,5627
3065372089,AKT-MINIPLUS-BLACK,Hifi Speaker,http://www.awin1.com/pclick.php?p=3065372089&a=219729&m=5627,http://www.apollo2000.co.uk/common/productpictures/akt-miniplus-black.jpg,239.99,"The long awaited Mini+ has arrived with plenty of dramatic improvements over the original model. The iPod/iPhone connection is an integral part of the AktiMate Mini+ system. Lift the lid and carefully plug your iPod/iPhone into the concealed docking station on the top of the speaker. If you have an adaptor which came with your iPod/iPhone, please position it in the dock before connecting your iPod. If you did not receive one when purchasing your iPod/iPhone it is suggested you obtain one - although it is not essential provided you take care when positioning and removing the device from the dock. In addition to being able to use your iPod/iPhone, your AktiMate Mini+ speakers have 2 other types of inputs on the rear panel. The 2 x RCA inputs (L&R) are ideal for connecting a CD player, tuner, or other line level source. The AUX 3.5mm socket is ideal for connecting to a computer sound card, AirPort Express, or other type of MP3 player.  The Mini+ comes complete with speaker wire, so you can literally unpack, connect the speakers, connect to mains power, switch on, pop your iPod/iPhone in the dock and you are listening to your favourite music through superb hi-fi stereo speakers within minutes of walking through your front door.",AktiMate MINIPLUS-BLACK Hifi Speaker,http://www.apollo2000.co.uk/showproduct/AKT-MINIPLUS-BLACK/MINIPLUSBLACK+40w+Active+speakers+with+iPod+Dock+and+Bluetooth.html,http://images.productserve.com/preview/7/5627/89/20/3065372089.jpg,Apollo Direct,5627,HiFi Speakers,15,0,GBP,,GBP239.99,5627
3079659479,ALP-ABR1100CB-LO,TV Stands & AV Racks,http://www.awin1.com/pclick.php?p=3079659479&a=219729&m=5627,http://www.apollo2000.co.uk/common/productpictures/alp-abr1100cb-lo.jpg,179,"Alphason's New Ambri range of TV Stands offers a modern, on-trend and contemporary housing solution for the latest in audio visual technologies. This enclosed Light Oak TV Cabinet features a soft enclosing flip down door with IR friendly transparent glass.  The New Ambri ABR1100CB-LO has stylish radius corners it will seamlessly fit into any living room, and become a centre piece in its on right. Complete with built in cable management and passive ventilation.  Then New Ambri Light Oak ABR1100CB-LO has been designed to perfectly complement the latest smart super slim LED and Plasma screen televisions, along with games consoles, Skybox, Apple TV, and other set top boxes, hard disc recorders and associated source equipment.  The New Ambri Range is available in three different finishes including; Light Oak, Walnut and Black. Also two widths including 1100mm and 1350mm.  Supported on stylish chrome legs, the Alphason New Ambri Range ABR1100CB-LO TV Stand offers a stunning, timeless, yet contemporary look and feel that is very much in harmony with the current technology nit is designed to house.",Alphason ABR1100CB-LO TV Stands &amp; AV Racks,http://www.apollo2000.co.uk/showproduct/ALP-ABR1100CB-LO/ABR1100CBLO+Television+Stand+for+up+to+50+Inch+Televisions.html,http://images.productserve.com/preview/7/5627/79/94/3079659479.jpg,Apollo Direct,5627,Television Accessories,50,0,GBP,,GBP179.00,5627
3093776185,ALP-ABR1100CB-W,TV Stands & AV Racks,http://www.awin1.com/pclick.php?p=3093776185&a=219729&m=5627,http://www.apollo2000.co.uk/common/productpictures/alp-abr1100cb-w.jpg,179,"Alphason's New Ambri range of TV Stands offers a modern, on-trend and contemporary housing solution for the latest in audio visual technologies. This enclosed Light Oak TV Cabinet features a soft enclosing flip down door with IR friendly transparent glass.  The New Ambri ABR1100CB-W has stylish radius corners it will seamlessly fit into any living room, and become a centre piece in its on right. Complete with built in cable management and passive ventilation.  Then New Ambri Light Oak ABR1100CB-W has been designed to perfectly complement the latest smart super slim LED and Plasma screen televisions, along with games consoles, Skybox, Apple TV, and other set top boxes, hard disc recorders and associated source equipment.  The New Ambri Range is available in three different finishes including; Light Oak, Walnut and Black. Also two widths including 1100mm and 1350mm.  Supported on stylish chrome legs, the Alphason New Ambri Range ABR1100CB-W TV Stand offers a stunning, timeless, yet contemporary look and feel that is very much in harmony with the current technology nit is designed to house.",Alphason ABR1100CB-W TV Stands &amp; AV Racks,http://www.apollo2000.co.uk/showproduct/ALP-ABR1100CB-W/ABR1100CBW+Television+Stand+for+up+to+50+Inch+Televisions.html,http://images.productserve.com/preview/7/5627/85/61/3093776185.jpg,Apollo Direct,5627,Television Accessories,50,0,GBP,,GBP179.00,5627
3065372091,ALP-ABR1350CB-BLK,TV Stands & AV Racks,http://www.awin1.com/pclick.php?p=3065372091&a=219729&m=5627,http://www.apollo2000.co.uk/common/productpictures/alp-abr1350cb-blk.jpg,199,"Alphason's Ambri ABR1350CB-BLK TV Stands add a modern housing solution suit the latest AV System & TV's.  Featuring a soft enclosing flip down door with IR friendly transparent glass, built in cable management & passive ventilation the ABR1350CB-BLK TV Stand is as functional as it is stunning.  Finish in slick black & supported on stylish chrome legs, the Alphason New Ambri ABR1350CB-BLK TV Stand is designed add style to any home.",Alphason ABR1350CB-BLK TV Stands &amp; AV Racks,http://www.apollo2000.co.uk/showproduct/ALP-ABR1350CB-BLK/ABR1350CBBLK+60+TV+Cabinet+with+Enclosing+Flip+Down+Door+in+Black.html,http://images.productserve.com/preview/7/5627/91/20/3065372091.jpg,Apollo Direct,5627,Television Accessories,50,0,GBP,,GBP199.00,5627
3065372093,ALP-ABRD1100-BLK,TV Stands & AV Racks,http://www.awin1.com/pclick.php?p=3065372093&a=219729&m=5627,http://www.apollo2000.co.uk/common/productpictures/alpason-design-abrd1100-black.jpg,299.99,"Open stand with enclosed cabinet for LCD/Plasma screens up to 55""",Alphason ABRD1100-BLK TV Stands &amp; AV Racks,http://www.apollo2000.co.uk/showproduct/ALP-ABRD1100-BLK/ABRD1100+1100mm+AV+Cabinet+Rack+in+Black.html,http://images.productserve.com/preview/7/5627/93/20/3065372093.jpg,Apollo Direct,5627,Television Accessories,50,0,GBP,,GBP299.99,5627
3065372095,ALP-ABRD800-BLK,TV Stands & AV Racks,http://www.awin1.com/pclick.php?p=3065372095&a=219729&m=5627,http://www.apollo2000.co.uk/common/productpictures/alphason-designs-abrd800-blk.jpg,229.99,"Ambri Series ABRD800-BLK 800mm Black TV Stand for LCD/Plasma Screens up to 32""",Alphason ABRD800-BLK TV Stands &amp; AV Racks,http://www.apollo2000.co.uk/showproduct/ALP-ABRD800-BLK/Ambri+Series+ABRD800BLK+800mm+Black+TV+Stand+for+LCDPlasma+Screens+up+to+32.html,http://images.productserve.com/preview/7/5627/95/20/3065372095.jpg,Apollo Direct,5627,Television Accessories,50,0,GBP,,GBP229.99,5627
3065372097,ALP-ARB1100-2-BLACK,TV Stands & AV Racks,http://www.awin1.com/pclick.php?p=3065372097&a=219729&m=5627,http://www.apollo2000.co.uk/common/productpictures/alphason-arb1100-2-black.jpg,99.99,"Suitable for LCD & Plasma screens up to 55"" TVs",Alphason ARB1100-2-BLACK TV Stands &amp; AV Racks,http://www.apollo2000.co.uk/showproduct/ALP-ARB1100-2-BLACK/ARB11002+AV+Rack+With+Mount+Bracket+For+Up+To+50+Flat+TVs+in+Black.html,http://images.productserve.com/preview/7/5627/97/20/3065372097.jpg,Apollo Direct,5627,Television Accessories,50,0,GBP,,GBP99.99,5627
3066255489,ALP-CRO2-1000BKT-GR,TV Stands & AV Racks,http://www.awin1.com/pclick.php?p=3066255489&a=219729&m=5627,http://www.apollo2000.co.uk/common/productpictures/alphason-cro2-1000bkt-gr.jpg,239.99,"For a striking way to display your TV Alphason's CRO2-1000BKT Chromium 2 Cantilever TV Stand. The raised cantilever built in stand is designed display TVs of up to 50"" & up to 30kg weight while integrated Cable Management System connects to the high gloss Cantilever TV Cabinet on chrome base-frame with it's a soft closing flip down door & IR friendly transparent glass.  The sleek modern Cabinet contains an internal middle shelf & passive ventilation ensuring your AV equipment are kept tidy & at optimum temperature.",Alphason CRO2-1000BKT-GR TV Stands &amp; AV Racks,http://www.apollo2000.co.uk/showproduct/ALP-CRO2-1000BKT-GR/CRO21000BKTGR+Chromium+2+Cantilever+TV+Stands+for+50+TV+in+Grey.html,http://images.productserve.com/preview/7/5627/89/54/3066255489.jpg,Apollo Direct,5627,Television Accessories,50,0,GBP,,GBP239.99,5627
3091339731,ALP-CRO2-1000BKT-IV,TV Stands & AV Racks,http://www.awin1.com/pclick.php?p=3091339731&a=219729&m=5627,http://www.apollo2000.co.uk/common/productpictures/alphason-cro2-1000bkt-iv.jpg,239.99,"For a striking way to display your TV Alphason's CRO2-1000BKT Chromium 2 Cantilever TV Stand. The raised cantilever built in stand is designed display TVs of up to 50"" & up to 30kg weight while integrated Cable Management System connects to the high gloss Cantilever TV Cabinet on chrome base-frame with it's a soft closing flip down door & IR friendly transparent glass.  The sleek modern Cabinet contains an internal middle shelf & passive ventilation ensuring your AV equipment are kept tidy & at optimum temperature.",Alphason CRO2-1000BKT-IV TV Stands &amp; AV Racks,http://www.apollo2000.co.uk/showproduct/ALP-CRO2-1000BKT-IV/CRO21000BKTIV+Chromium+2+Cantilever+TV+Stands+for+50+TV+in+Ivory.html,http://images.productserve.com/preview/7/5627/31/97/3091339731.jpg,Apollo Direct,5627,Television Accessories,50,0,GBP,,GBP239.99,5627
3066255491,ALP-CRO2-1000BKT-RE,TV Stands & AV Racks,http://www.awin1.com/pclick.php?p=3066255491&a=219729&m=5627,http://www.apollo2000.co.uk/common/productpictures/alphason-cro2-1000bkt-re.jpg,239.99,"For a striking way to display your TV Alphason's CRO2-1000BKT Chromium 2 Cantilever TV Stand. The raised cantilever built in stand is designed display TVs of up to 50"" & up to 30kg weight while integrated Cable Management System connects to the high gloss Cantilever TV Cabinet on chrome base-frame with it's a soft closing flip down door & IR friendly transparent glass.  The sleek modern Cabinet contains an internal middle shelf & passive ventilation ensuring your AV equipment are kept tidy & at optimum temperature.",Alphason CRO2-1000BKT-RE TV Stands &amp; AV Racks,http://www.apollo2000.co.uk/showproduct/ALP-CRO2-1000BKT-RE/CRO21000BKTRE+Chromium+2+Cantilever+TV+Stands+for+50+TV+in+Red.html,http://images.productserve.com/preview/7/5627/91/54/3066255491.jpg,Apollo Direct,5627,Television Accessories,50,0,GBP,,GBP239.99,5627
3091339733,ALP-CRO2-1000BKT-WH,TV Stands & AV Racks,http://www.awin1.com/pclick.php?p=3091339733&a=219729&m=5627,http://www.apollo2000.co.uk/common/productpictures/alphason-cro2-1000bkt-wh.jpg,239.99,"For a striking way to display your TV Alphason's CRO2-1000BKT Chromium 2 Cantilever TV Stand. The raised cantilever built in stand is designed display TVs of up to 50"" & up to 30kg weight while integrated Cable Management System connects to the high gloss Cantilever TV Cabinet on chrome base-frame with it's a soft closing flip down door & IR friendly transparent glass.  The sleek modern Cabinet contains an internal middle shelf & passive ventilation ensuring your AV equipment are kept tidy & at optimum temperature.",Alphason CRO2-1000BKT-WH TV Stands &amp; AV Racks,http://www.apollo2000.co.uk/showproduct/ALP-CRO2-1000BKT-WH/CRO21000BKTWH+Chromium+2+Cantilever+TV+Stands+for+50+TV+in+White.html,http://images.productserve.com/preview/7/5627/33/97/3091339733.jpg,Apollo Direct,5627,Television Accessories,50,0,GBP,,GBP239.99,5627
3065372099,ALP-CRO2-1000CB-BLK,TV Stands & AV Racks,http://www.awin1.com/pclick.php?p=3065372099&a=219729&m=5627,http://www.apollo2000.co.uk/common/productpictures/alp-cro2-1000cb-blk.jpg,199.99,"Alphason's new Chromium Colour range of Cantilever TV Stands offers a stylish and contemporary housing solution for the latest in audio visual technologies. This enclosed high gloss Black Cantilever TV Cabinet features a soft closing flip down door with IR friendly transparent glass. The New Chromium Colour CRO2-1000CB-BLK has been designed to perfectly complement the latest smart super slim LED and Plasma screen televisions, along with the latest games consoles, Skybox, Apple TV, and other set top boxes, hard disc recorders and associated source equipment.  This sleek modern design also features a Black glass top to match the deep high gloss finish of the Cabinet. Complete with built in cable management, internal middle shelf, and passive ventilation ensuring your equipment stays at an optimum working temperature.  This is compatible with screen sizes up to 50"" and with a maximum mounting weight of 18kg. Supported on a stylish chrome base-frame, the Alphason Chromium Colour CRO2-1000CB-BLK Cantilever TV Stand offers a stunning, timeless, yet contemporary look and feel, producing an almost floating appearance to your flat screen television.",Alphason CRO2-1000CB-BLK TV Stands &amp; AV Racks,http://www.apollo2000.co.uk/showproduct/ALP-CRO2-1000CB-BLK/CRO21000CBBLK+AV+Cabinet+with+TV+mount+for+up+to+50+Televisions.html,http://images.productserve.com/preview/7/5627/99/20/3065372099.jpg,Apollo Direct,5627,Television Accessories,50,0,GBP,,GBP199.99,5627
3065372101,ALP-CRO2-1000CB-GRY,TV Stands & AV Racks,http://www.awin1.com/pclick.php?p=3065372101&a=219729&m=5627,http://www.apollo2000.co.uk/common/productpictures/alp-cro2-1000cb-gry.jpg,199.99,"Alphason's new Chromium Colour range of Cantilever TV Stands offers a stylish and contemporary housing solution for the latest in audio visual technologies. This enclosed high gloss Black Cantilever TV Cabinet features a soft closing flip down door with IR friendly transparent glass. The New Chromium Colour CRO2-1000CB-GRY has been designed to perfectly complement the latest smart super slim LED and Plasma screen televisions, along with the latest games consoles, Skybox, Apple TV, and other set top boxes, hard disc recorders and associated source equipment.  This sleek modern design also features a Black glass top to match the deep high gloss finish of the Cabinet. Complete with built in cable management, internal middle shelf, and passive ventilation ensuring your equipment stays at an optimum working temperature. This is compatible with screen sizes up to 50"" and with a maximum mounting weight of 18kg.  Supported on a stylish chrome base-frame, the Alphason Chromium Colour CRO2-1000CB-GRY Cantilever TV Stand offers a stunning, timeless, yet contemporary look and feel, producing an almost floating appearance to your flat screen television.",Alphason CRO2-1000CB-GRY TV Stands &amp; AV Racks,http://www.apollo2000.co.uk/showproduct/ALP-CRO2-1000CB-GRY/CRO21000CBGRY+AV+Cabinet+with+TV+mount+for+up+to+50+Televisions.html,http://images.productserve.com/preview/7/5627/01/21/3065372101.jpg,Apollo Direct,5627,Television Accessories,50,0,GBP,,GBP199.99,5627
3093419839,ALP-CRO2-1000CB-IVO,TV Stands & AV Racks,http://www.awin1.com/pclick.php?p=3093419839&a=219729&m=5627,http://www.apollo2000.co.uk/common/productpictures/alp-cro2-1000cb-ivo.jpg,199.99,"Alphason's new Chromium Colour range of Cantilever TV Stands offers a stylish and contemporary housing solution for the latest in audio visual technologies. This enclosed high gloss Black Cantilever TV Cabinet features a soft closing flip down door with IR friendly transparent glass. The New Chromium Colour CRO2-1000CB-IVO has been designed to perfectly complement the latest smart super slim LED and Plasma screen televisions, along with the latest games consoles, Skybox, Apple TV, and other set top boxes, hard disc recorders and associated source equipment.  This sleek modern design also features a Black glass top to match the deep high gloss finish of the Cabinet. Complete with built in cable management, internal middle shelf, and passive ventilation ensuring your equipment stays at an optimum working temperature. This is compatible with screen sizes up to 50"" and with a maximum mounting weight of 18kg.  Supported on a stylish chrome base-frame, the Alphason Chromium Colour CRO2-1000CB-IVO Cantilever TV Stand offers a stunning, timeless, yet contemporary look and feel, producing an almost floating appearance to your flat screen television.",Alphason CRO2-1000CB-IVO TV Stands &amp; AV Racks,http://www.apollo2000.co.uk/showproduct/ALP-CRO2-1000CB-IVO/CRO21000CBIVO+AV+Cabinet+with+TV+mount+for+up+to+50+Televisions.html,http://images.productserve.com/preview/7/5627/39/98/3093419839.jpg,Apollo Direct,5627,Television Accessories,50,0,GBP,,GBP199.99,5627
3093419841,ALP-CRO2-1000CB-RED,TV Stands & AV Racks,http://www.awin1.com/pclick.php?p=3093419841&a=219729&m=5627,http://www.apollo2000.co.uk/common/productpictures/alp-cro2-1000cb-red.jpg,199.99,"Alphason's new Chromium Colour range of Cantilever TV Stands offers a stylish and contemporary housing solution for the latest in audio visual technologies. This enclosed high gloss Black Cantilever TV Cabinet features a soft closing flip down door with IR friendly transparent glass. The New Chromium Colour CRO2-1000CB-RED has been designed to perfectly complement the latest smart super slim LED and Plasma screen televisions, along with the latest games consoles, Skybox, Apple TV, and other set top boxes, hard disc recorders and associated source equipment.  This sleek modern design also features a Black glass top to match the deep high gloss finish of the Cabinet. Complete with built in cable management, internal middle shelf, and passive ventilation ensuring your equipment stays at an optimum working temperature. This is compatible with screen sizes up to 50"" and with a maximum mounting weight of 18kg.  Supported on a stylish chrome base-frame, the Alphason Chromium Colour CRO2-1000CB-RED Cantilever TV Stand offers a stunning, timeless, yet contemporary look and feel, producing an almost floating appearance to your flat screen television.",Alphason CRO2-1000CB-RED TV Stands &amp; AV Racks,http://www.apollo2000.co.uk/showproduct/ALP-CRO2-1000CB-RED/CRO21000CBRED+AV+Cabinet+with+TV+mount+for+up+to+50+Televisions.html,http://images.productserve.com/preview/7/5627/41/98/3093419841.jpg,Apollo Direct,5627,Television Accessories,50,0,GBP,,GBP199.99,5627
3066610477,ALP-FRN1100-3WHTSK,TV Stands & AV Racks,http://www.awin1.com/pclick.php?p=3066610477&a=219729&m=5627,http://www.apollo2000.co.uk/common/productpictures/alp-frn1100-3whtsk.jpg,199.99,"The Alphason FRN1100-3WHTSK AV Stand is suitable for up to 50"" TV's and with its stylish white side supports makes it a modern addition to your home. It has 3 thick smoked glass shelves with the centre shelf being height adjustable allowing you to accommodate slightly larger items. The cable management design enables unsightly cables to be neatly housed out of sight.",Alphason FRN1100-3WHTSK TV Stands &amp; AV Racks,http://www.apollo2000.co.uk/showproduct/ALP-FRN1100-3WHTSK/FRN11003WHTSK+Francium+1100mm+AV+Stand+Suitable+for+TVs+Up+to+50.html,http://images.productserve.com/preview/7/5627/77/04/3066610477.jpg,Apollo Direct,5627,Television Accessories,50,0,GBP,,GBP199.99,5627
3120457215,ALP-FRN800-3BLK,TV Stands & AV Racks,http://www.awin1.com/pclick.php?p=3120457215&a=219729&m=5627,http://www.apollo2000.co.uk/common/productpictures/alp-frn800-3blk.jpg,179.99,"The Francium TV stand is designed to add some style to your living room, its curved walnut sides are complimented with toughened black safety glass and chrome effect steel shelf supports which both compliment the design and provide adjustable height for the centre shelf so you have plenty of space for your AV equipment. Height: 400mm, Width: 800mm, Depth: 450mm",Alphason FRN800-3BLK TV Stands &amp; AV Racks,http://www.apollo2000.co.uk/showproduct/ALP-FRN800-3BLK/FRN8003BLK+Stylish+TV+Stand+For+37+Inch+TVs+in+Black.html,http://images.productserve.com/preview/7/5627/15/72/3120457215.jpg,Apollo Direct,5627,Television Accessories,50,0,GBP,,GBP179.99,5627
3065372105,ALP-FRN800-3W,TV Stands & AV Racks,http://www.awin1.com/pclick.php?p=3065372105&a=219729&m=5627,http://www.apollo2000.co.uk/common/productpictures/alp-frn800-3w.jpg,179.99,"The Francium TV stand is designed to add some style to your living room, its curved walnut sides are complimented with toughened black safety glass and chrome effect steel shelf supports which both compliment the design and provide adjustable height for the centre shelf so you have plenty of space for your AV equipment. Height: 400mm, Width: 800mm, Depth: 450mm",Alphason FRN800-3W TV Stands &amp; AV Racks,http://www.apollo2000.co.uk/showproduct/ALP-FRN800-3W/FRN8003W+Stylish+TV+Stand+For+37+Inch+TVs+in+Walnut.html,http://images.productserve.com/preview/7/5627/05/21/3065372105.jpg,Apollo Direct,5627,Television Accessories,50,0,GBP,,GBP179.99,5627
3120287619,ALP-FW1100-BVB,TV Stands & AV Racks,http://www.awin1.com/pclick.php?p=3120287619&a=219729&m=5627,http://www.apollo2000.co.uk/common/productpictures/alp-fw1100-bvb.jpg,249.99,"The Alpheson FW1100 combines a solid, sturdy design with a style frame, making it perfect for any home cinema setup. Its natural wood veneer and piano black glass are capable of supporting up to a 50 inch display while its polymer black isolation bushes, which sit under the black shelves, reduce any resonance. A cable management system manages all your unsightly cables, keeping your setup free from clutter.",Alphason FW1100-BVB TV Stands &amp; AV Racks,http://www.apollo2000.co.uk/showproduct/ALP-FW1100-BVB/FW1100LOB+Light+Oak+3+Tier+Stand+for+up+to+50+inch+TV.html,http://images.productserve.com/preview/7/5627/19/76/3120287619.jpg,Apollo Direct,5627,Television Accessories,50,0,GBP,,GBP249.99,5627
3133615647,ALP-FW1100-WB,TV Stands & AV Racks,http://www.awin1.com/pclick.php?p=3133615647&a=219729&m=5627,http://www.apollo2000.co.uk/common/productpictures/alp-fw1100-wb.jpg,249.99,"The Alpheson FW1100 combines a solid, sturdy design with a style frame, making it perfect for any home cinema setup. Its natural wood veneer and piano black glass are capable of supporting up to a 50 inch display while its polymer black isolation bushes, which sit under the black shelves, reduce any resonance. A cable management system manages all your unsightly cables, keeping your setup free from clutter.",Alphason FW1100-WB TV Stands &amp; AV Racks,http://www.apollo2000.co.uk/showproduct/ALP-FW1100-WB/FW1100WB+Walnut+3+Tier+Stand+for+up+to+50+inch+TV.html,http://images.productserve.com/preview/7/5627/47/56/3133615647.jpg,Apollo Direct,5627,Television Accessories,50,0,GBP,,GBP249.99,5627
3093419843,ALP-FW1100CB-LO,TV Stands & AV Racks,http://www.awin1.com/pclick.php?p=3093419843&a=219729&m=5627,http://www.apollo2000.co.uk/common/productpictures/alp-fw1100cb-lo.jpg,299.99,"The Alphason FW1100CB-LO AV Stand is suitable for up to 50"" TV's and is designed in real natural wood veneers and contemporary piano black glass making it a modern addition to any home. It has in-built storage for you to store gadgets and media and an adjustable glass shelf to allow you to accommodate your slightly larger items. The cable management design gives you a way to keeping your cables neat and tidy whilst out of sight.",Alphason FW1100CB-LO TV Stands &amp; AV Racks,http://www.apollo2000.co.uk/showproduct/ALP-FW1100CB-LO/FW1100CBLO+1100mm+AV+Stand+Suitable+for+TVs+Up+To+50.html,http://images.productserve.com/preview/7/5627/43/98/3093419843.jpg,Apollo Direct,5627,Television Accessories,50,0,GBP,,GBP299.99,5627
3066610479,ALP-FW1100CB-W,TV Stands & AV Racks,http://www.awin1.com/pclick.php?p=3066610479&a=219729&m=5627,http://www.apollo2000.co.uk/common/productpictures/alp-fw1100cb-w.jpg,299.99,"The Alphason FW1100CB-W AV Stand is suitable for up to 50"" TV's and is designed in real natural wood veneers and contemporary piano black glass making it a modern addition to any home. It has in-built storage for you to store gadgets and media and an adjustable glass shelf to allow you to accommodate your slightly larger items. The cable management design gives you a way to keeping your cables neat and tidy whilst out of sight.",Alphason FW1100CB-W TV Stands &amp; AV Racks,http://www.apollo2000.co.uk/showproduct/ALP-FW1100CB-W/FW1100CBW+1100mm+AV+Stand+Suitable+for+TVs+Up+To+50.html,http://images.productserve.com/preview/7/5627/79/04/3066610479.jpg,Apollo Direct,5627,Television Accessories,50,0,GBP,,GBP299.99,5627
3093776187,ALP-FW1350-LOB,TV Stands & AV Racks,http://www.awin1.com/pclick.php?p=3093776187&a=219729&m=5627,http://www.apollo2000.co.uk/common/productpictures/alp-fw1350-lob.jpg,299.99,"The Alpheson FW1350 sports a stylish, modern look which fits perfectly into any living room.  Its Natural wood Veneer combines with piano black glass to create a contemporary look whilst also being underpinned by a steel support frame, allowing you to place Tvs up to 60"" on top. 2 Extra glass shelves are perfect for your peripheral s and a cable management system keeps your living room clutter free.",Alphason FW1350-LOB TV Stands &amp; AV Racks,http://www.apollo2000.co.uk/showproduct/ALP-FW1350-LOB/FW1350LOB+Real+Wood+Veneer+Stand+for+Up+to+60+TV.html,http://images.productserve.com/preview/7/5627/87/61/3093776187.jpg,Apollo Direct,5627,Television Accessories,50,0,GBP,,GBP299.99,5627
3093776189,ALP-FW1350-WB,TV Stands & AV Racks,http://www.awin1.com/pclick.php?p=3093776189&a=219729&m=5627,http://www.apollo2000.co.uk/common/productpictures/alp-fw1350-wb.jpg,299.99,"The Alpheson FW1350 sports a stylish, modern look which fits perfectly into any living room.  Its Natural wood Veneer combines with piano black glass to create a contemporary look whilst also being underpinned by a steel support frame, allowing you to place Tvs up to 60"" on top. 2 Extra glass shelves are perfect for your peripheral s and a cable management system keeps your living room clutter free.",Alphason FW1350-WB TV Stands &amp; AV Racks,http://www.apollo2000.co.uk/showproduct/ALP-FW1350-WB/FW1350WB+Real+Wood+Veneer+Stand+for+Up+to+60+TV.html,http://images.productserve.com/preview/7/5627/89/61/3093776189.jpg,Apollo Direct,5627,Television Accessories,50,0,GBP,,GBP299.99,5627
3093419845,ALP-FW1350CB-LOB,TV Stands & AV Racks,http://www.awin1.com/pclick.php?p=3093419845&a=219729&m=5627,http://www.apollo2000.co.uk/common/productpictures/alp-fw1350cb-lob.jpg,349.99,A stylish addition to your home and really accent you TV with the Alphason FW1350CB-LOB AV Cabinet. With piano black glass top & adjustable shelf neatly contrast the warm Real Walnut Veneer Finish.  The built in storage for help keep you media & digital devices neat while the cable management makes connection tidy & organised.  Height 365mm x Width 135mm x Depth 453mm,Alphason FW1350CB-LOB TV Stands &amp; AV Racks,http://www.apollo2000.co.uk/showproduct/ALP-FW1350CB-LOB/FW1350CBLOB+AV+Cabinet+for+up+to+60+TVs+in+Light+Oak.html,http://images.productserve.com/preview/7/5627/45/98/3093419845.jpg,Apollo Direct,5627,Television Accessories,50,0,GBP,,GBP349.99,5627
3065372107,ALP-FW1350CB-W,TV Stands & AV Racks,http://www.awin1.com/pclick.php?p=3065372107&a=219729&m=5627,http://www.apollo2000.co.uk/common/productpictures/alphason-fw1350cb-w.jpg,349.99,A stylish addition to your home and really accent you TV with the Alphason FW1350CB-W AV Cabinet. With piano black glass top & adjustable shelf neatly contrast the warm Real Walnut Veneer Finish.  The built in storage for help keep you media & digital devices neat while the cable management makes connection tidy & organised.  Height 365mm x Width 135mm x Depth 453mm,Alphason FW1350CB-W TV Stands &amp; AV Racks,http://www.apollo2000.co.uk/showproduct/ALP-FW1350CB-W/FW1350CBW+AV+Cabinet+for+up+to+60+TVs+in+Real+Walnut+Veneer+Finish.html,http://images.productserve.com/preview/7/5627/07/21/3065372107.jpg,Apollo Direct,5627,Television Accessories,50,0,GBP,,GBP349.99,5627
3091904093,ALP-FW750-4LOB,TV Stands & AV Racks,http://www.awin1.com/pclick.php?p=3091904093&a=219729&m=5627,http://www.apollo2000.co.uk/common/productpictures/alp-fw750-4lob.jpg,249.99,"The Alphason FW750 combines a stylish, modern design with plenty of space to create the ideal AV rack for any living room. With its practical, enclosed design, the Finewoods TV stand comes complete with a safety glass door and shelf, and a cable management system for a neat and tidy TV area.  Its 3 large shelves are perfect for storing your AV accessories like Blu-Ray players, Digital TV boxes and Audio products.",Alphason FW750-4LOB TV Stands &amp; AV Racks,http://www.apollo2000.co.uk/showproduct/ALP-FW750-4LOB/FW7504LOB+4+Tier+Light+Oak+AV+Stand+for+up+to+37+Televisions.html,http://images.productserve.com/preview/7/5627/93/40/3091904093.jpg,Apollo Direct,5627,Television Accessories,50,0,GBP,,GBP249.99,5627
3129905289,ALP-FW750-4WB,TV Stands & AV Racks,http://www.awin1.com/pclick.php?p=3129905289&a=219729&m=5627,http://www.apollo2000.co.uk/common/productpictures/alp-fw750-4wb.jpg,249.99,"The Alphason FW750 combines a stylish, modern design with plenty of space to create the ideal AV rack for any living room. With its practical, enclosed design, the Finewoods TV stand comes complete with a safety glass door and shelf, and a cable management system for a neat and tidy TV area.  Its 3 large shelves are perfect for storing your AV accessories like Blu-Ray players, Digital TV boxes and Audio products.",Alphason FW750-4WB TV Stands &amp; AV Racks,http://www.apollo2000.co.uk/showproduct/ALP-FW750-4WB/FW7504WB+4+Tier+Black+Oak+AV+Stand+for+up+to+37+Televisions.html,http://images.productserve.com/preview/7/5627/89/52/3129905289.jpg,Apollo Direct,5627,Television Accessories,50,0,GBP,,GBP249.99,5627
3162041963,ALP-TSI1085-3-BLK,TV Stands & AV Racks,http://www.awin1.com/pclick.php?p=3162041963&a=219729&m=5627,http://www.apollo2000.co.uk/common/productpictures/alp-tsi1085-3-blk.jpg,149.99,Designed to embrace the latest AV equipment Tensai combines brushed steel panels with highly reflective black glass seamlessly integrating with your television. Features: 6 Degree tilting sides.  2 piano black glass shelves.  Cable management with room for extension block.  Safety glass shelves toughened to British and European standards.  Suitable for Soundbars with a maximum width of 1230mm.,Alphason TSI1085-3-BLK TV Stands &amp; AV Racks,http://www.apollo2000.co.uk/showproduct/ALP-TSI1085-3-BLK/TSI10853B+Tensai+3+Shelf+Stand+for+up+to+46+TVs+in+Black+and+Silver.html,http://images.productserve.com/preview/7/5627/63/19/3162041963.jpg,Apollo Direct,5627,Television Accessories,50,0,GBP,,GBP149.99,5627
3079659485,AM-85150,Miscellaneous,http://www.awin1.com/pclick.php?p=3079659485&a=219729&m=5627,http://www.apollo2000.co.uk/common/productpictures/am-85150.jpg,0.99,85150 Replacement MicroFibre Sponge Soft foam resilient microfibre Designed by Tools Design,AM 85150 Miscellaneous,http://www.apollo2000.co.uk/showproduct/AM-85150/85150+Sponge+Refill+For+Oneclean+Screen+Clean.html,http://images.productserve.com/preview/7/5627/85/94/3079659485.jpg,Apollo Direct,5627,ISP & Hosting,67,5,GBP,,GBP0.99,5627
3065372111,AMI-508EE1W,Electric Cooker,http://www.awin1.com/pclick.php?p=3065372111&a=219729&m=5627,http://www.apollo2000.co.uk/common/productpictures/amica-508ee1w.jpg,179.99,Amica 508EE1W 500mm Electric Single Oven Cooker with 4 Sealed Plate Hob in White Combined Grill 900mm x 500mm x 600mm,AMICA 508EE1W Electric Cooker,http://www.apollo2000.co.uk/showproduct/AMI-508EE1W/508EE1W+500mm+Electric+Single+Oven+Cooker+with+4+Sealed+Plate+Hob+in+White.html,http://images.productserve.com/preview/7/5627/11/21/3065372111.jpg,Apollo Direct,5627,Cooker Hoods,366,0,GBP,,GBP179.99,5627
3065372157,ARC-RPAC,Computer Accessories,http://www.awin1.com/pclick.php?p=3065372157&a=219729&m=5627,http://www.apollo2000.co.uk/common/productpictures/arcam-rpac.jpg,149.99,"Meet the award-winning Arcam rPAC, the Personal Audio Converter that will transform your computer-based music - at home, at work, or on the move. Were all playing more music from computers - stored on their hard drives or streamed from online services such as Spotify but Macs and PCs simply arent optimised for audio enjoyment. The rPAC is a pocket-sized solution. It features hi-fi-grade hardware and software engineering, specifically designed to enhance your laptop or desktop listening. From low-bitrate internet radio to better-than-CD-quality downloads, youll hear more of the music you love. And its not just about music: the rPAC can boost all your computer entertainment, from gaming and movies to catch-up TV services, such as BBC iPlayer and Sky Go.",Arcam RPAC Computer Accessories,http://www.apollo2000.co.uk/showproduct/ARC-RPAC/RPAC+USB+DAC+and+Headphone+Amplifier.html,http://images.productserve.com/preview/7/5627/57/21/3065372157.jpg,Apollo Direct,5627,Computer Components,62,0,GBP,,GBP149.99,5627
3065372167,ASU-90-XB3TOKSL001E0,Computer Accessories,http://www.awin1.com/pclick.php?p=3065372167&a=219729&m=5627,http://www.apollo2000.co.uk/common/productpictures/asu-90-xb3toksl001e0.jpg,9.99,"The Asus Spectrum cover is designed to keep your ME172 tablet safe from everyday use. its sturdy plastic design protects your tablet from drops and bumps while the inclusion of a scratch resistant screen overlay keeps the screen free from scratches and fingerprints. The case also leaves every port and button free for use, giving you unobstructed use of the tablet.",ASUS 90-XB3TOKSL001E0 Computer Accessories,http://www.apollo2000.co.uk/showproduct/ASU-90-XB3TOKSL001E0/Black+Spectrum+Cover+for+Asus+ME172+Memo+Pad+7+Tablet.html,http://images.productserve.com/preview/7/5627/67/21/3065372167.jpg,Apollo Direct,5627,Computer Components,62,5,GBP,,GBP9.99,5627
3065372169,ASU-90-XB3TOKSL001G0,Computer Accessories,http://www.awin1.com/pclick.php?p=3065372169&a=219729&m=5627,http://www.apollo2000.co.uk/common/productpictures/asu-90-xb3toksl001g0.jpg,9.99,"The Asus Spectrum cover is designed to keep your tablet safe from everyday use. its sturdy plastic design protects your tablet from drops and bumps while the inclusion of a scratch resistant screen overlay keeps the screen free from scratches and fingerprints. The case also leaves every port and button free for use, giving you unobstructed use of the tablet.",ASUS 90-XB3TOKSL001G0 Computer Accessories,http://www.apollo2000.co.uk/showproduct/ASU-90-XB3TOKSL001G0/90XB3TOKSL001G0+Pink+Spectrum+Cover+for+Asus+Memo+Pad+7+Tablet.html,http://images.productserve.com/preview/7/5627/69/21/3065372169.jpg,Apollo Direct,5627,Computer Components,62,5,GBP,,GBP9.99,5627
3065372171,ASU-90XB00GP-BLS000,Computer Accessories,http://www.awin1.com/pclick.php?p=3065372171&a=219729&m=5627,http://www.apollo2000.co.uk/common/productpictures/asu-90xb00gp-bls000.jpg,9.99,"Keep your tablet safe from dirt and damage with the Asus 90XB00GP Transleeve Cover. Its durable outer casing protects the screen and tablet from scratches while its soft inner lining prevents dust and dirt accumulating on the tablet, making it perfect for taking out and about.  Its multi angle design allows you to adjust the case for comfortable video watching or ergonomic typing while its magnetic hinges provide a neat and smart way to connect between the case and the tablet.",ASUS 90XB00GP-BLS000 Computer Accessories,http://www.apollo2000.co.uk/showproduct/ASU-90XB00GP-BLS000/90XB00GPBLS000+Multiangle+Cover+for+Asus+VivoTab+Smart.html,http://images.productserve.com/preview/7/5627/71/21/3065372171.jpg,Apollo Direct,5627,Computer Components,62,5,GBP,,GBP9.99,5627
3065372177,ASU-90XB00GP-BSL030,Computer Accessories,http://www.awin1.com/pclick.php?p=3065372177&a=219729&m=5627,http://www.apollo2000.co.uk/common/productpictures/asu-90xb00gp-bsl030.jpg,9.99,"Keep your tablet safe from dirt and damage with the Asus 90XB00GP Transleeve Cover. Its durable outer casing protects the screen and tablet from scratches while its soft inner lining prevents dust and dirt accumulating on the tablet, making it perfect for taking out and about.  Its multi angle design allows you to adjust the case for comfortable video watching or ergonomic typing while its magnetic hinges provide a neat and smart way to connect between the case and the tablet.",ASUS 90XB00GP-BSL030 Computer Accessories,http://www.apollo2000.co.uk/showproduct/ASU-90XB00GP-BSL030/90XB00GPBLS030+Multiangle+Cover+for+Asus+VivoTab+Smart.html,http://images.productserve.com/preview/7/5627/77/21/3065372177.jpg,Apollo Direct,5627,Computer Components,62,5,GBP,,GBP9.99,5627
3148815503,ASU-90XB015P-BSL000,Computer Accessories,http://www.awin1.com/pclick.php?p=3148815503&a=219729&m=5627,http://www.apollo2000.co.uk/common/productpictures/asu-90xb015p-bsl000.jpg,19.99,"Light and soft polymer formulation means this folder-like cover is exactly what you need to protect your MeMO front and back without adding bulk or weight. It's highly durable yet feels great to hold with the added bonus of anti-slip treatment to reduce the risk of nasty drops. Openings for all ports and connectors allow for uninterrupted MeMO enjoyment, so go for cover and experience more.",ASUS 90XB015P-BSL000 Computer Accessories,http://www.apollo2000.co.uk/showproduct/ASU-90XB015P-BSL000/90XB015PBSL000+Asus+Memo+Pad+HD+7+Cover+in+Navy.html,http://images.productserve.com/preview/7/5627/03/55/3148815503.jpg,Apollo Direct,5627,Computer Components,62,5,GBP,,GBP19.99,5627
3148815505,ASU-90XB015P-BSL010,Computer Accessories,http://www.awin1.com/pclick.php?p=3148815505&a=219729&m=5627,http://www.apollo2000.co.uk/common/productpictures/asu-90xb015p-bsl010.jpg,19.99,"Light and soft polymer formulation means this folder-like cover is exactly what you need to protect your MeMO front and back without adding bulk or weight. It's highly durable yet feels great to hold with the added bonus of anti-slip treatment to reduce the risk of nasty drops. Openings for all ports and connectors allow for uninterrupted MeMO enjoyment, so go for cover and experience more.",ASUS 90XB015P-BSL010 Computer Accessories,http://www.apollo2000.co.uk/showproduct/ASU-90XB015P-BSL010/90XB015PBSL010+Asus+Memo+Pad+HD+7+Cover+in+Pink.html,http://images.productserve.com/preview/7/5627/05/55/3148815505.jpg,Apollo Direct,5627,Computer Components,62,5,GBP,,GBP19.99,5627
3151578061,ASU-90XB015P-BSL020,Computer Accessories,http://www.awin1.com/pclick.php?p=3151578061&a=219729&m=5627,http://www.apollo2000.co.uk/common/productpictures/asu-90xb015p-bsl020.jpg,19.99,"Light and soft polymer formulation means this folder-like cover is exactly what you need to protect your MeMO front and back without adding bulk or weight. It's highly durable yet feels great to hold with the added bonus of anti-slip treatment to reduce the risk of nasty drops. Openings for all ports and connectors allow for uninterrupted MeMO enjoyment, so go for cover and experience more.",ASUS 90XB015P-BSL020 Computer Accessories,http://www.apollo2000.co.uk/showproduct/ASU-90XB015P-BSL020/90XB015PBSL020+Asus+Memo+Pad+HD+7+Cover+in+Yellow.html,http://images.productserve.com/preview/7/5627/61/80/3151578061.jpg,Apollo Direct,5627,Computer Components,62,5,GBP,,GBP19.99,5627
3108012663,ASU-ME176CX-1A042A,Tablet PCs,http://www.awin1.com/pclick.php?p=3108012663&a=219729&m=5627,http://www.apollo2000.co.uk/common/productpictures/asu-me176cx-1a042a.jpg,134.84,"The ASUS MeMO Pad HD combines a stylish, portable design with plenty of modern technology, making it the ideal 7"" tablet for anyone. Its 7"" IPS display sports a 1280 x 800 pixel resolution, producing stunning picture quality with sharp and vibrant images while IPS technology allows you to view the tablet from nearly any angle. The Intel Quad Core Processor and 1GB of RAM work together to power through the most intensive applications, letting you enjoy games, movies, pictures or any other data without any stuttering or lag. Capture your favourite moments using a 5MP rear Camera with 720p video recording while a front facing 1.2 is perfect for video calls.  Android 4.4 is included on the Quantum 4, this new operating system from Google gives you a simple and user friendly way to interact with your favourite applications whilst also providing a whole host of new unique features.",ASUS ME176CX-1A042A Tablet PCs,http://www.apollo2000.co.uk/showproduct/ASU-ME176CX-1A042A/ME176CX1A042A+7+Quad+Core+Tablet+with+16GB+HDD+and+Android+44.html,http://images.productserve.com/preview/7/5627/63/26/3108012663.jpg,Apollo Direct,5627,Home Entertainment,6,0,GBP,,GBP134.84,5627
3108012665,ASU-ME176CX-1B042A,Tablet PCs,http://www.awin1.com/pclick.php?p=3108012665&a=219729&m=5627,http://www.apollo2000.co.uk/common/productpictures/asu-me176cx-1b042a.jpg,99.99,"The ASUS MeMO Pad HD combines a stylish, portable design with plenty of modern technology, making it the ideal 7"" tablet for anyone. Its 7"" IPS display sports a 1280 x 800 pixel resolution, producing stunning picture quality with sharp and vibrant images while IPS technology allows you to view the tablet from nearly any angle. The Intel Quad Core Processor and 1GB of RAM work together to power through the most intensive applications, letting you enjoy games, movies, pictures or any other data without any stuttering or lag. Capture your favourite moments using a 5MP rear Camera with 720p video recording while a front facing 1.2 is perfect for video calls.  Android 4.4 is included on the Quantum 4, this new operating system from Google gives you a simple and user friendly way to interact with your favourite applications whilst also providing a whole host of new unique features.",ASUS ME176CX-1B042A Tablet PCs,http://www.apollo2000.co.uk/showproduct/ASU-ME176CX-1B042A/ME176CX1B042A+7+Quad+Core+Tablet+with+16GB+HDD+and+Android+44.html,http://images.productserve.com/preview/7/5627/65/26/3108012665.jpg,Apollo Direct,5627,Home Entertainment,6,0,GBP,,GBP99.99,5627
3108012667,ASU-ME176CX-1C036A,Tablet PCs,http://www.awin1.com/pclick.php?p=3108012667&a=219729&m=5627,http://www.apollo2000.co.uk/common/productpictures/asu-me176cx-1c036a.jpg,134.84,"The ASUS MeMO Pad HD combines a stylish, portable design with plenty of modern technology, making it the ideal 7"" tablet for anyone. Its 7"" IPS display sports a 1280 x 800 pixel resolution, producing stunning picture quality with sharp and vibrant images while IPS technology allows you to view the tablet from nearly any angle. The Intel Quad Core Processor and 1GB of RAM work together to power through the most intensive applications, letting you enjoy games, movies, pictures or any other data without any stuttering or lag. Capture your favourite moments using a 5MP rear Camera with 720p video recording while a front facing 1.2 is perfect for video calls.  Android 4.4 is included on the Quantum 4, this new operating system from Google gives you a simple and user friendly way to interact with your favourite applications whilst also providing a whole host of new unique features.",ASUS ME176CX-1C036A Tablet PCs,http://www.apollo2000.co.uk/showproduct/ASU-ME176CX-1C036A/ME176CX1C036A+7+Quad+Core+Tablet+with+16GB+HDD+and+Android+44.html,http://images.productserve.com/preview/7/5627/67/26/3108012667.jpg,Apollo Direct,5627,Home Entertainment,6,0,GBP,,GBP134.84,5627
3108012669,ASU-ME176CX-1D036A,Tablet PCs,http://www.awin1.com/pclick.php?p=3108012669&a=219729&m=5627,http://www.apollo2000.co.uk/common/productpictures/asu-me176cx-1d036a.jpg,134.84,"The ASUS MeMO Pad HD combines a stylish, portable design with plenty of modern technology, making it the ideal 7"" tablet for anyone. Its 7"" IPS display sports a 1280 x 800 pixel resolution, producing stunning picture quality with sharp and vibrant images while IPS technology allows you to view the tablet from nearly any angle. The Intel Quad Core Processor and 1GB of RAM work together to power through the most intensive applications, letting you enjoy games, movies, pictures or any other data without any stuttering or lag. Capture your favourite moments using a 5MP rear Camera with 720p video recording while a front facing 1.2 is perfect for video calls.  Android 4.4 is included on the Quantum 4, this new operating system from Google gives you a simple and user friendly way to interact with your favourite applications whilst also providing a whole host of new unique features.",ASUS ME176CX-1D036A Tablet PCs,http://www.apollo2000.co.uk/showproduct/ASU-ME176CX-1D036A/ME176CX1D036A+7+Quad+Core+Tablet+with+16GB+HDD+and+Android+44.html,http://images.productserve.com/preview/7/5627/69/26/3108012669.jpg,Apollo Direct,5627,Home Entertainment,6,0,GBP,,GBP134.84,5627
3108012673,ASU-ME181C-1A013A,Tablet PCs,http://www.awin1.com/pclick.php?p=3108012673&a=219729&m=5627,http://www.apollo2000.co.uk/common/productpictures/asu-me181c-1a013a.jpg,188.67,"The Asus MeMO Pad 8 combines high end specification with a sleek and lightweight design, making it ideal for use at home or on the go. Packed inside is a powerful Intel Quad-Core Processor. This processor easily handles the most intensive applications and multitasking, letting you enjoy your favourite media without issue. Its bright and sharp 8"" display sports a 1280 x 800 resolution, bringing all your favourite pictures, photo's, applications and movies in stunning quality  The ASUS ZenUI provides you with a band new user interface, providing over 200 upgrades and enhancements over the standard operating system. Up to 9 hours of battery life provides plenty of time to watch your favourite films or enjoy applications wherever you are.",ASUS ME181C-1A013A Tablet PCs,http://www.apollo2000.co.uk/showproduct/ASU-ME181C-1A013A/MeMo+Pad+8+Quad+Core+Tablet+with+16GB+Capacity+and+Android+44.html,http://images.productserve.com/preview/7/5627/73/26/3108012673.jpg,Apollo Direct,5627,Home Entertainment,6,0,GBP,,GBP188.67,5627
3086687579,ASU-NEREUS,Computer Accessories,http://www.awin1.com/pclick.php?p=3086687579&a=219729&m=5627,http://www.apollo2000.co.uk/common/productpictures/asu-nereus.jpg,19.99,"Place your notebook and other business and personal essentials in one stylish yet casual bag. It accommodates even larger portable PCs and has numerous features you'd normally only get with pricier products.  Yet this one sends a subtle message that speaks of a dynamic life, with great internal organization for more items, protective interior padding, and thoughtful features such as an adjustable and removable strap.  You can even quickly hang it on your trolley handle when zipping around: finally a simple but fully-featured bag the really understands what you need.",ASUS NEREUS Computer Accessories,http://www.apollo2000.co.uk/showproduct/ASU-NEREUS/NEREUS+16+Notebook+Carry+Bag+with+Adjustable+Straps+and+Elegant+Design.html,http://images.productserve.com/preview/7/5627/79/75/3086687579.jpg,Apollo Direct,5627,Computer Components,62,5,GBP,,GBP19.99,5627
3110032773,ASU-NEXUS2CASE-GREY,Carry Cases,http://www.awin1.com/pclick.php?p=3110032773&a=219729&m=5627,http://www.apollo2000.co.uk/common/productpictures/asu-nexus2case-grey.jpg,14.99,Tough yet soft snug-fitting case protects your device. Flexible non-slip matte texture provides great grip and protection against bumps and scrapes. Slim cover design allows the Nexus 7 to easily fit in your bag.,ASUS NEXUS2CASE-GREY Carry Cases,http://www.apollo2000.co.uk/showproduct/ASU-NEXUS2CASE-GREY/NEXUS2CASEGREY+Nexus+7+Travel+Cover+in+Grey.html,http://images.productserve.com/preview/7/5627/73/27/3110032773.jpg,Apollo Direct,5627,Computer Cases,72,5,GBP,,GBP14.99,5627
3065372207,ASU-NEXUS7-2-32,Tablet PCs,http://www.awin1.com/pclick.php?p=3065372207&a=219729&m=5627,http://www.apollo2000.co.uk/common/productpictures/asu-nexus7-2-16.jpg,239.99,"Combining a stunning High definition screen and powerful processing, the New Google Nexus 7 is the perfect tablet for both new and experienced users alike. The newest tablet in the Nexus range comes equipped with Google's latest Android 4.3 Operating system. This operating system provides a simple and easy to use interface to interact with your favourite media, applications and programmes. The brilliant Quad core Snapdragon S4 processor powers through the most demanding applications and gives you exceptional multitasking, allowing you to call up nearly any application instantly. The brilliantly detailed full HD display provides a resolution of 1920 x 1200 at 323ppi, one of the best resolutions found on a tablet, capable of bringing all of your favourite media to life in unrivalled clarity. The Nexus 7 features two cameras, a front facing 1.2mp camera is ideal for video calling while a rear 5MP camera is ideal for taking detailed pictures and movies. a large 10 hour battery life makes the Nexus 7 perfect for taking out and about, letting you enjoy your favourite movies and files all day. *Please note this is the 2013 Model*",ASUS NEXUS7-2-32 Tablet PCs,http://www.apollo2000.co.uk/showproduct/ASU-NEXUS7-2-32/NEXUS7232+7+Quad+Core+Tablet+with+2GB+RAM+and+Android+43++2013+Model.html,http://images.productserve.com/preview/7/5627/07/22/3065372207.jpg,Apollo Direct,5627,Home Entertainment,6,0,GBP,,GBP239.99,5627
3065372215,ASU-T100TA-DK002H,Tablet PCs,http://www.awin1.com/pclick.php?p=3065372215&a=219729&m=5627,http://www.apollo2000.co.uk/common/productpictures/asu-t100ta-dk002h.jpg,299.99,"The Asus Transformer Book T100 is a compact ultraportable that combines the productivity features of a laptop with the easy portability of a tablet - and you can switch between the two in an instant. At just 1.07kg, T100 is one of the lightest laptops around, but detach the 10.1-inch display from the keyboard and it becomes an equally lightweight multi-touch tablet you can take anywhere. The sleek design features a durable finish too, so T100 will always look its best.  Transformer Book T100 is powered by the latest Intel Atom Z3740 quad-core processor for perfect balance of multi-tasking performance and outstanding energy efficiency. With up to 11 hours battery life, T100 can last for more than a full working day before it needs to be recharged and with Microsoft Office Home & Student 2013 supplied preinstalled, your productivity will know no bounds. 32GB storage makes launching apps and saving files speedy, too, while USB 3.0 supports next-generation SuperSpeed storage devices for turbo-charged data transfers. Transformer Book T100 lasts for up to 11 hours on battery power and, with exclusive ASUS Super Hybrid Engine II technology, you can enjoy extended standby times of up to two weeks with near-instant wake-up times. Just press the power button and T100 is ready for use in just two seconds, so there's no waiting around when it's time to work - or play. There's no need to worry about data loss if T100 is left unused for longer, either. Data is also backed up automatically when the battery level drops to 5% in standby mode, so you won't be in for a nasty surprise when you next switch on.",ASUS T100TA-DK002H Tablet PCs,http://www.apollo2000.co.uk/showproduct/ASU-T100TA-DK002H/T100TADK002H+101+2in1+Netbook+with+Detachable+Keyboard.html,http://images.productserve.com/preview/7/5627/15/22/3065372215.jpg,Apollo Direct,5627,Home Entertainment,6,0,GBP,,GBP299.99,5627
3108012679,ASU-TF103C-1A030A,Tablet PCs,http://www.awin1.com/pclick.php?p=3108012679&a=219729&m=5627,http://www.apollo2000.co.uk/common/productpictures/asu-tf103c-1a030a.jpg,179.99,"Enjoy a world of entertainment at home or on the go with the ASUS EeePad Tablet  Powered by a brilliant Intel Quad-Core Processor, the EeePad handles all of your most intensive applications and multi-tasking with absolute ease, letting you enjoy all your favourite media without interruption. The 10.1 Inch IPS display sports a bright and vivid 1280 x 800 display, bringing your favourite pictures, movies and applications to life like never before. ASUS's unique ZenUI is a brand new user interface with over 200 upgrades and enhancements over the Stock Android operating system. Up to 9.5 Hours of battery life ensure the EeePad Tablet keeps going throughout the day.",ASUS TF103C-1A030A Tablet PCs,http://www.apollo2000.co.uk/showproduct/ASU-TF103C-1A030A/TF103C1A030A+EeePad+101+Tablet+with+Quad+Core+Processor+and+Android+44.html,http://images.productserve.com/preview/7/5627/79/26/3108012679.jpg,Apollo Direct,5627,Home Entertainment,6,0,GBP,,GBP179.99,5627
3108012681,ASU-TF103C-1A031A,Tablet PCs,http://www.awin1.com/pclick.php?p=3108012681&a=219729&m=5627,http://www.apollo2000.co.uk/common/productpictures/asu-tf103c-1a031a.jpg,264.01,"Enjoy a world of entertainment at home or on the go with the ASUS EeePad Tablet and Keyboard Dock. Powered by a brilliant Intel Quad-Core Processor, the EeePad handles all of your most intensive applications and multi-tasking with absolute ease, letting you enjoy all your favourite media without interruption. The 10.1 Inch IPS display sports a bright and vivid 1280 x 800 display, bringing your favourite pictures, movies and applications to life like never before. ASUS's unique ZenUI is a brand new user interface with over 200 upgrades and enhancements over the Stock Android operating system. Up to 9.5 Hours of battery life ensure the EeePad Tablet keeps going throughout the day. The inclusion of a Keyboard Dock adds a full keyboard and track pad to the tablet, giving you a new way to interact with your applications.",ASUS TF103C-1A031A Tablet PCs,http://www.apollo2000.co.uk/showproduct/ASU-TF103C-1A031A/TF103C1A031A+EeePad+101+Tablet+with+Quad+Core+Processor+and+Android+44.html,http://images.productserve.com/preview/7/5627/81/26/3108012681.jpg,Apollo Direct,5627,Home Entertainment,6,0,GBP,,GBP264.01,5627
3108012683,ASU-TF103C-1B003A,Tablet PCs,http://www.awin1.com/pclick.php?p=3108012683&a=219729&m=5627,http://www.apollo2000.co.uk/common/productpictures/asu-tf103c-1b003a.jpg,264.01,"Enjoy a world of entertainment at home or on the go with the ASUS EeePad Tablet and Keyboard Dock. Powered by a brilliant Intel Quad-Core Processor, the EeePad handles all of your most intensive applications and multi-tasking with absolute ease, letting you enjoy all your favourite media without interruption. The 10.1 Inch IPS display sports a bright and vivid 1280 x 800 display, bringing your favourite pictures, movies and applications to life like never before. ASUS's unique ZenUI is a brand new user interface with over 200 upgrades and enhancements over the Stock Android operating system. Up to 9.5 Hours of battery life ensure the EeePad Tablet keeps going throughout the day. The inclusion of a Keyboard Dock adds a full keyboard and track pad to the tablet, giving you a new way to interact with your applications.",ASUS TF103C-1B003A Tablet PCs,http://www.apollo2000.co.uk/showproduct/ASU-TF103C-1B003A/TF103C1B003A+EeePad+101+Tablet+with+Quad+Core+Processor+and+Android+44.html,http://images.productserve.com/preview/7/5627/83/26/3108012683.jpg,Apollo Direct,5627,Home Entertainment,6,0,GBP,,GBP264.01,5627
3108012685,ASU-TF103C-1B031A,Tablet PCs,http://www.awin1.com/pclick.php?p=3108012685&a=219729&m=5627,http://www.apollo2000.co.uk/common/productpictures/asu-tf103c-1b031a.jpg,220.96,"Enjoy a world of entertainment at home or on the go with the ASUS EeePad Tablet  Powered by a brilliant Intel Quad-Core Processor, the EeePad handles all of your most intensive applications and multi-tasking with absolute ease, letting you enjoy all your favourite media without interruption. The 10.1 Inch IPS display sports a bright and vivid 1280 x 800 display, bringing your favourite pictures, movies and applications to life like never before. ASUS's unique ZenUI is a brand new user interface with over 200 upgrades and enhancements over the Stock Android operating system. Up to 9.5 Hours of battery life ensure the EeePad Tablet keeps going throughout the day.",ASUS TF103C-1B031A Tablet PCs,http://www.apollo2000.co.uk/showproduct/ASU-TF103C-1B031A/TF103C1B031A+EeePad+101+Tablet+with+Quad+Core+Processor+and+Android+44.html,http://images.productserve.com/preview/7/5627/85/26/3108012685.jpg,Apollo Direct,5627,Home Entertainment,6,0,GBP,,GBP220.96,5627
3065372217,ASU-TF701T-1B040A,Tablet PCs,http://www.awin1.com/pclick.php?p=3065372217&a=219729&m=5627,http://www.apollo2000.co.uk/common/productpictures/asus-tf701t-1b040a.jpg,329.99,"The Asus TF701T combines powerful, modern technology with a stylish design to create the perfect tablet for home and travel. Inside the spun aluminium frame is the new NVIDIA Tegra 4 Quad Core processor and 2GB of RAM, these two combine to create a powerful tablet perfect for any task, from standard work processing all the way up to the most intensive games. The multi touch 10.1"" display sports a fantastic 2560 x 1600 display with a brilliant 299 PPI resolution, this remarkable display brings all of your favourite pictures, movies and documents to life in unrivalled clarity. The inclusion of a Keyboard dock makes the TF701 a unique tablet, not only does this keyboard dock give you a full Qwerty keyboard and touchpad, perfect for productive users but it also lets you plug in an SD card of USB 3.0 enabled device.",ASUS TF701T-1B040A Tablet PCs,http://www.apollo2000.co.uk/showproduct/ASU-TF701T-1B040A/TF701T1B040A+Transformer+Pad+with+NVIDIA+Tegra+4+QuadCore+Processor.html,http://images.productserve.com/preview/7/5627/17/22/3065372217.jpg,Apollo Direct,5627,Home Entertainment,6,0,GBP,,GBP329.99,5627
3097831763,ASU-WT415BK,"Keyboards, Mice & WebCams",http://www.awin1.com/pclick.php?p=3097831763&a=219729&m=5627,http://www.apollo2000.co.uk/common/productpictures/asu-wt415bk.jpg,19.99,"The ASUS WT415BK Optical Wireless Mouse features advanced tracking technology with up to 1600DPI resolution , with an instant switch that lets users choose between sensitivity levels of 800, 1200 and 1600DPI. Two combo hot keys bring up Windows 8 charms or switches tasks in other Windows OS versions to make things that much simpler; while an embedded chip provides efficient energy management to maximize battery life. With a pearlescent colour coat and ergonomic design, the WT415 Optical Wireless Mouse keeps you comfortably in control of any task.","ASUS WT415BK Keyboards, Mice &amp; WebCams",http://www.apollo2000.co.uk/showproduct/ASU-WT415BK/Optical+Wireless+Mouse+with+Combo+Hot+Keys+in+Black.html,http://images.productserve.com/preview/7/5627/63/17/3097831763.jpg,Apollo Direct,5627,Keyboards,88,5,GBP,,GBP19.99,5627
3161048969,ASU-X200CA-CT112H,Laptops,http://www.awin1.com/pclick.php?p=3161048969&a=219729&m=5627,http://www.apollo2000.co.uk/common/productpictures/asu-x200ca-ct112h.jpg,199.99,"With its slim and compact design, the Asus X200CA laptop is the perfect portable laptop for any user. A powerful Dual Core processor and 4 GB of RAM make light work of your programmes and applications, letting you enjoy them without lag or stutter whilst also allowing brilliant multitasking. Its bright and vibrant 11.6"" LED Display brings all of your favourite picture and movies to life in fantastic clarity, producing bright and vibrant colours every time. A 500 GB Hard Drive is ample space for all your data, letting you store hundreds of movies, pictures, music and applications. This notebook also utilises the latest Microsoft operating system, Windows 8. A completely redesigned experience providing better battery life, social integration, improved security and a more intuitive user interface.",ASUS X200CA-CT112H Laptops,http://www.apollo2000.co.uk/showproduct/ASU-X200CA-CT112H/X200CACT112H+116+Dual+Core+Touchscreen+Laptop+with+4GB+RAM+and+Windows+8.html,http://images.productserve.com/preview/7/5627/69/89/3161048969.jpg,Apollo Direct,5627,Laptops,84,0,GBP,,GBP199.99,5627
3161048971,ASU-X550CA-XX1039H,Laptops,http://www.awin1.com/pclick.php?p=3161048971&a=219729&m=5627,http://www.apollo2000.co.uk/common/productpictures/asu-x550ca-xo113h.jpg,299.99,"The Asus X550CA combines a stylish, elegant design with powerful performance to create the perfect notebook for home use. Its powerful Dual Core processor, 6GB of RAM & and integrated graphics makes the X550 perfect for all of your entertainment needs, allowing uninterrupted enjoyment of your favourite movies, pictures and games whiles also being perfect for intensive multitasking. The 15.6"" Display uses exclusive Asus Splendid technology. This technology adjusts the display depending on what you're watching, this provides you with a better image quality for your applications, producing vibrant colours for pictures and movies and more realistic images for programs. The Asus also features SonicMaster sound technology. This technology produces fantastic audio quality using an omnidirectional speaker, brining your favourite media to life. This notebook also utilises the latest Microsoft operating system, Windows 8. A completely redesigned experience providing better battery life, social integration, improved security and a more intuitive user interface.",ASUS X550CA-XX1039H Laptops,http://www.apollo2000.co.uk/showproduct/ASU-X550CA-XX1039H/X550CAXX1039H+156+Notebook+with+Dual+Core+Processor+6GB+RAM+and+Windows+8.html,http://images.productserve.com/preview/7/5627/71/89/3161048971.jpg,Apollo Direct,5627,Laptops,84,0,GBP,,GBP299.99,5627
3166242507,ASU-X550DP-XX025H,Laptops,http://www.awin1.com/pclick.php?p=3166242507&a=219729&m=5627,http://www.apollo2000.co.uk/common/productpictures/asu-x550dp-xx025h.jpg,349.99,"The Asus X550DP-XX025H is a seamless combination of powerful performance and lightweight, portable design, making it perfect for any user. A right and sharp LED backlit display produces stunning colour and clarity, letting you enjoy your favourite entertainment in fantastic clarity. A Powerful Quad Core Processor and 8GB of RAM combine to make light work of even the most intensive tasks, giving you uninterrupted enjoyment of your favourite pictures, apps and movies while integrated graphics also make this a powerful gaming machine. Store all of this data easily thanks to its massive 1TB hard drive, large enough for thousands of pictures and videos.  This notebook also utilises the latest Microsoft operating system, Windows 8. A completely redesigned experience providing better battery life, social integration, improved security and a more intuitive user interface.",ASUS X550DP-XX025H Laptops,http://www.apollo2000.co.uk/showproduct/ASU-X550DP-XX025H/X550DPXX025H+156+Laptop+with+Quad+Core+Processor+and+Windows+8.html,http://images.productserve.com/preview/7/5627/07/25/3166242507.jpg,Apollo Direct,5627,Laptops,84,0,GBP,,GBP349.99,5627
3137366147,ASU-X551CA-SX222H,Laptops,http://www.awin1.com/pclick.php?p=3137366147&a=219729&m=5627,http://www.apollo2000.co.uk/common/productpictures/asu-x551ca-sx222h.jpg,349.99,"The Asus X551CA combines a stylish, elegant design with powerful performance to create the perfect notebook for home use. Its powerful Intel Core processor, 4GB of RAM & integrated graphics makes the X551 perfect for all of your entertainment needs, allowing uninterrupted enjoyment of your favourite movies, pictures and games whiles also being perfect for intensive multitasking. The 15.6"" Display uses exclusive Asus Splendid technology. This technology adjusts the display depending on what you're watching, this provides you with a better image quality for your applications, producing vibrant colours for pictures and movies and more realistic images for programs. The Asus also features SonicMaster sound technology. This technology produces fantastic audio quality using an omnidirectional speaker, brining your favourite media to life. This notebook also utilises the latest Microsoft operating system, Windows 8. A completely redesigned experience providing better battery life, social integration, improved security and a more intuitive user interface.",ASUS X551CA-SX222H Laptops,http://www.apollo2000.co.uk/showproduct/ASU-X551CA-SX222H/X551CASX222H+156+Notebook+with+Core+Processor+4GB+RAM+and+Windows+8.html,http://images.productserve.com/preview/7/5627/47/61/3137366147.jpg,Apollo Direct,5627,Laptops,84,0,GBP,,GBP349.99,5627
3166894487,ASU-X551MAV-BING-SX3,Laptops,http://www.awin1.com/pclick.php?p=3166894487&a=219729&m=5627,http://www.apollo2000.co.uk/common/productpictures/asu-x551mav-bing-sx3.jpg,279.99,"The Asus X Series is the perfect all round laptop for any user, seamlessly combining stylish design with powerful performance. The X series features a brilliant HD display powered by Asus' Splendid technology. This technology delivers vibrant visual images, fine tuning the display based on what you're watching and ensuring all your favourite pictures, videos and programs come to life. Powered by Intel's innovative Dual Core processors and 4GB of RAM, the X series produces smooth and responsive performance every time, powering through the most intensive applications like programs and games. Asus Super Hybrid Engine II technology is designed to bridge the gap between smartphone and notebook, producing a near instant 2 second resume time from standby, meaning you can get back to your favourite programs, it also uses various power modes to optimise battery life. transfer your files in no time using USB 3.0. USB 3.0 provides you with up to ten times the transfer speed of USB 2.0, making transferring large files quicker than ever before. Asus have also catered to the Laptops sound. Its SonicMaster technology produces stunning, high fidelity audio and omnidirectional sound letting you enjoy your favourite audio more than ever. This notebook also utilises the latest Microsoft operating system, Windows 8.1 A completely redesigned experience providing better battery life, social integration, improved security and a more intuitive user interface.",ASUS X551MAV-BING-SX3 Laptops,http://www.apollo2000.co.uk/showproduct/ASU-X551MAV-BING-SX3/X551MAVBINGSX3+156+Dual+Core+Laptop+with+4GB+RAM+and+Windows+81.html,http://images.productserve.com/preview/7/5627/87/44/3166894487.jpg,Apollo Direct,5627,Laptops,84,0,GBP,,GBP279.99,5627
3137366149,ASU-X553MA-XX044H,Laptops,http://www.awin1.com/pclick.php?p=3137366149&a=219729&m=5627,http://www.apollo2000.co.uk/common/productpictures/asu-x553ma-xx044h.jpg,259.99,"The Asus X553 combines a sleek and elegant design with powerful performance, making it the perfect Laptop for any household. The Intel Dual Core laptop makes light work of even your most intensive applications, letting you enjoy your favourite program, game or movie without judder or blur. 4GB of RAM also makes the X553 perfect for multitasking so you can work on multiple things at the same time without having to worry about performance. The 15.6 Inch LED backlit display makes use of Asus splendid technology. This technology is designed to adjust your display depending on what you're watching and ensures better images for applications, pictures and games. This notebook also utilises the latest Microsoft operating system, Windows 8. A completely redesigned experience providing better battery life, social integration, improved security and a more intuitive user interface.",ASUS X553MA-XX044H Laptops,http://www.apollo2000.co.uk/showproduct/ASU-X553MA-XX044H/X553MAXX044H+156+Laptop+with+Dual+Core+Processor+750GB+HDD+and+4GB+RAM.html,http://images.productserve.com/preview/7/5627/49/61/3137366149.jpg,Apollo Direct,5627,Laptops,84,0,GBP,,GBP259.99,5627
3065372237,AUD-ATHRE70WH,Headphones & Portable Speakers,http://www.awin1.com/pclick.php?p=3065372237&a=219729&m=5627,http://www.apollo2000.co.uk/common/productpictures/audio-technica-ath-re70-white.jpg,39.99,Stereo Headphones with 12.5mm Dynamic Driver in White. Uniquely developed diaphragm for more impact. Clean and crisp audio output.,Audio Technica ATHRE70WH Headphones &amp; Portable Speakers,http://www.apollo2000.co.uk/showproduct/AUD-ATHRE70WH/ATHRE70WH+Stereo+Headphones+with+125mm+Dynamic+Driver+in+White.html,http://images.productserve.com/preview/7/5627/37/22/3065372237.jpg,Apollo Direct,5627,Portable Audio,8,5,GBP,,GBP39.99,5627
3065372255,AVS-CRYSTAL-BLACK,AV Speakers,http://www.awin1.com/pclick.php?p=3065372255&a=219729&m=5627,http://www.apollo2000.co.uk/common/productpictures/aves-crystal-black.jpg,17.99,"CRYSTAL Bluetooth Stereo Speaker with Up To 6hrs Play Time via Rechargeable Lithium Battery, Noise Reduction Mic & Up To 33ft (10m) Operating Range in Black",Aves Digital CRYSTAL-BLACK AV Speakers,http://www.apollo2000.co.uk/showproduct/AVS-CRYSTAL-BLACK/CRYSTAL+Bluetooth+Stereo+Speaker+with+Up+To+6hrs+Play+Time+in+Black.html,http://images.productserve.com/preview/7/5627/55/22/3065372255.jpg,Apollo Direct,5627,Audio Equipment,5,5,GBP,,GBP17.99,5627
3065372265,AVS-SKY-BLACK,Radio,http://www.awin1.com/pclick.php?p=3065372265&a=219729&m=5627,http://www.apollo2000.co.uk/common/productpictures/aves-sky-black.jpg,24.99,"Sky Portable DAB/FM Radio with 20 Preset Stations, Alarm, Snooze & Sleep Timer in Black.",Aves Digital SKY-BLACK Radio,http://www.apollo2000.co.uk/showproduct/AVS-SKY-BLACK/Sky+Portable+DABFM+Radio+with+20+Preset+Stations+in+Black.html,http://images.productserve.com/preview/7/5627/65/22/3065372265.jpg,Apollo Direct,5627,Radios,14,5,GBP,,GBP24.99,5627
3065372269,BAB-2067CU,Hair Dryers,http://www.awin1.com/pclick.php?p=3065372269&a=219729&m=5627,http://www.apollo2000.co.uk/common/productpictures/bab-2067cu.jpg,17.99,"The Vintage Glamour straightener with beautiful lace detail design, heats up to 230C for high heat performance and is ready to use in just 30 seconds. The slim tourmaline-ceramic plates glide through your hair for a smooth, shiny finish. With variable heat settings and a floating plate for even pressure it is suitable for all hair types. It has 1"" slim tourmaline-ceramic plates and a 3m swivel cord along with Heat protection wrap. The multi-voltage features make this straightener ideal for use at home or away.",BABYLISS 2067CU Hair Dryers,http://www.apollo2000.co.uk/showproduct/BAB-2067CU/2067CU+Vintage+Glamour+Ceramic+Smooth+230+Hair+Straightners.html,http://images.productserve.com/preview/7/5627/69/22/3065372269.jpg,Apollo Direct,5627,Haircare Appliances,116,5,GBP,,GBP17.99,5627
